,Title,Worldwide Lifetime Gross,Year,Budget
0,Avatar,"$2,923,706,026",2009,"$237,000,000"
1,Avengers: Endgame,"$2,799,439,100",2019,"$356,000,000"
2,Avatar: The Way of Water,"$2,320,250,281",2022,N/A
3,Titanic,"$2,264,743,305",1997,"$200,000,000"
4,Star Wars: Episode VII - The Force Awakens,"$2,071,310,218",2015,"$245,000,000"
5,Avengers: Infinity War,"$2,052,415,039",2018,N/A
6,Spider-Man: No Way Home,"$1,921,847,111",2021,N/A
7,Jurassic World,"$1,671,537,444",2015,"$150,000,000"
8,The Lion King,"$1,663,075,401",2019,"$260,000,000"
9,The Avengers,"$1,520,538,536",2012,"$220,000,000"
10,Furious 7,"$1,515,341,399",2015,"$190,000,000"
11,Top Gun: Maverick,"$1,495,696,292",2022,N/A
12,Frozen II,"$1,453,683,476",2019,"$150,000,000"
13,Avengers: Age of Ultron,"$1,405,018,048",2015,"$250,000,000"
14,Black Panther,"$1,349,926,083",2018,N/A
15,The Super Mario Bros. Movie,"$1,346,395,054",2023,N/A
16,Harry Potter and the Deathly Hallows: Part 2,"$1,342,359,942",2011,N/A
17,Star Wars: Episode VIII - The Last Jedi,"$1,334,407,706",2017,"$317,000,000"
18,Jurassic World: Fallen Kingdom,"$1,310,466,296",2018,"$170,000,000"
19,Frozen,"$1,284,540,518",2013,"$150,000,000"
20,Beauty and the Beast,"$1,266,115,964",2017,"$160,000,000"
21,Incredibles 2,"$1,243,225,667",2018,N/A
22,The Fate of the Furious,"$1,236,005,118",2017,"$250,000,000"
23,Iron Man 3,"$1,215,577,205",2013,"$200,000,000"
24,Minions,"$1,159,444,662",2015,"$74,000,000"
25,Captain America: Civil War,"$1,155,046,416",2016,"$250,000,000"
26,Aquaman,"$1,148,528,393",2018,N/A
27,The Lord of the Rings: The Return of the King,"$1,147,633,833",2003,"$94,000,000"
28,Skyfall,"$1,142,471,295",2012,"$200,000,000"
29,Spider-Man: Far from Home,"$1,131,927,996",2019,"$160,000,000"
30,Captain Marvel,"$1,131,416,446",2019,"$160,000,000"
31,Transformers: Dark of the Moon,"$1,123,794,079",2011,"$195,000,000"
32,Jurassic Park,"$1,109,802,321",1993,"$63,000,000"
33,Transformers: Age of Extinction,"$1,104,054,072",2014,"$210,000,000"
34,The Dark Knight Rises,"$1,081,169,825",2012,"$250,000,000"
35,Star Wars: Episode IX - The Rise of Skywalker,"$1,077,022,372",2019,"$275,000,000"
36,Joker,"$1,074,458,282",2019,"$55,000,000"
37,Toy Story 4,"$1,073,841,394",2019,"$200,000,000"
38,Toy Story 3,"$1,067,316,101",2010,"$200,000,000"
39,Pirates of the Caribbean: Dead Man's Chest,"$1,066,179,747",2006,"$225,000,000"
40,Rogue One: A Star Wars Story,"$1,058,682,142",2016,"$200,000,000"
41,Aladdin,"$1,054,304,000",2019,"$183,000,000"
42,Pirates of the Caribbean: On Stranger Tides,"$1,046,721,266",2011,"$250,000,000"
43,Despicable Me 3,"$1,034,800,131",2017,"$80,000,000"
44,Finding Dory,"$1,029,266,989",2016,N/A
45,Star Wars: Episode I - The Phantom Menace,"$1,027,082,707",1999,"$115,000,000"
46,Zootopia,"$1,025,521,689",2016,N/A
47,Alice in Wonderland,"$1,025,468,216",2010,"$200,000,000"
48,Harry Potter and the Sorcerer's Stone,"$1,023,842,938",2001,"$125,000,000"
49,The Hobbit: An Unexpected Journey,"$1,017,030,651",2012,N/A
50,The Dark Knight,"$1,006,234,167",2008,"$185,000,000"
51,Jurassic World Dominion,"$1,001,978,080",2022,N/A
52,Jumanji: Welcome to the Jungle,"$995,339,117",2017,"$90,000,000"
53,Harry Potter and the Deathly Hallows: Part 1,"$977,070,383",2010,N/A
54,Despicable Me 2,"$970,766,005",2013,"$76,000,000"
55,The Lion King,"$968,511,805",1994,"$45,000,000"
56,The Jungle Book,"$967,724,775",2016,"$175,000,000"
57,The Hobbit: The Battle of the Five Armies,"$962,201,338",2014,N/A
58,Pirates of the Caribbean: At World's End,"$961,691,209",2007,"$300,000,000"
59,The Hobbit: The Desolation of Smaug,"$959,027,992",2013,N/A
60,Doctor Strange in the Multiverse of Madness,"$955,775,804",2022,N/A
61,The Lord of the Rings: The Two Towers,"$947,944,270",2002,"$94,000,000"
62,Harry Potter and the Order of the Phoenix,"$942,278,045",2007,"$150,000,000"
63,Finding Nemo,"$941,637,960",2003,"$94,000,000"
64,Minions: The Rise of Gru,"$939,628,210",2022,N/A
65,Harry Potter and the Half-Blood Prince,"$934,519,387",2009,"$250,000,000"
66,Shrek 2,"$928,760,770",2004,"$150,000,000"
67,Harry Potter and the Chamber of Secrets,"$925,668,380",2002,"$100,000,000"
68,Bohemian Rhapsody,"$910,809,311",2018,"$52,000,000"
69,The Battle at Lake Changjin,"$902,548,476",2021,N/A
70,The Lord of the Rings: The Fellowship of the Ring,"$898,204,420",2001,"$93,000,000"
71,Harry Potter and the Goblet of Fire,"$896,815,106",2005,"$150,000,000"
72,Spider-Man 3,"$894,983,373",2007,"$258,000,000"
73,The Secret Life of Pets,"$894,328,469",2016,"$75,000,000"
74,Ice Age: Dawn of the Dinosaurs,"$886,686,817",2009,"$90,000,000"
75,Spectre,"$880,705,312",2015,"$245,000,000"
76,Spider-Man: Homecoming,"$880,166,924",2017,"$175,000,000"
77,Ice Age: Continental Drift,"$877,244,782",2012,"$95,000,000"
78,Batman v Superman: Dawn of Justice,"$873,637,528",2016,"$250,000,000"
79,Inception,"$870,792,649",2010,"$160,000,000"
80,Wolf Warrior 2,"$870,325,439",2017,"$30,100,000"
81,Star Wars: Episode III - Revenge of the Sith,"$868,390,560",2005,"$113,000,000"
82,The Hunger Games: Catching Fire,"$865,011,746",2013,"$130,000,000"
83,Guardians of the Galaxy Vol. 2,"$863,756,051",2017,"$200,000,000"
84,Black Panther: Wakanda Forever,"$859,208,836",2022,N/A
85,Inside Out,"$858,848,019",2015,"$175,000,000"
86,Venom,"$856,085,151",2018,"$100,000,000"
87,Thor: Ragnarok,"$855,301,806",2017,"$180,000,000"
88,The Twilight Saga: Breaking Dawn - Part 2,"$848,593,948",2012,"$120,000,000"
89,Guardians of the Galaxy Vol. 3,"$843,518,544",2023,N/A
90,Transformers: Revenge of the Fallen,"$836,303,693",2009,"$200,000,000"
91,Spider-Man,"$825,025,036",2002,"$139,000,000"
92,Wonder Woman,"$822,854,286",2017,"$149,000,000"
93,"Hi, Mom","$822,009,764",2021,N/A
94,Independence Day,"$817,400,891",1996,"$75,000,000"
95,Coco,"$814,337,054",2017,N/A
96,Fantastic Beasts and Where to Find Them,"$814,044,001",2016,"$180,000,000"
97,Shrek the Third,"$813,367,380",2007,"$160,000,000"
98,Jumanji: The Next Level,"$801,693,929",2019,"$125,000,000"
99,Harry Potter and the Prisoner of Azkaban,"$797,660,766",2004,"$130,000,000"
100,Pirates of the Caribbean: Dead Men Tell No Tales,"$795,922,298",2017,"$230,000,000"
101,E.T. the Extra-Terrestrial,"$792,910,554",1982,"$10,500,000"
102,Mission: Impossible - Fallout,"$791,657,398",2018,"$178,000,000"
103,2012,"$791,217,826",2009,"$200,000,000"
104,Indiana Jones and the Kingdom of the Crystal Skull,"$790,653,942",2008,"$185,000,000"
105,Spider-Man 2,"$788,976,453",2004,"$200,000,000"
106,Fast & Furious 6,"$788,680,968",2013,"$160,000,000"
107,Deadpool 2,"$785,896,609",2018,"$110,000,000"
108,Deadpool,"$782,836,791",2016,"$58,000,000"
109,Star Wars: Episode IV - A New Hope,"$775,398,007",1977,"$11,000,000"
110,No Time to Die,"$774,153,007",2021,N/A
111,Interstellar,"$773,430,538",2014,"$165,000,000"
112,Guardians of the Galaxy,"$773,350,147",2014,"$170,000,000"
113,The Batman,"$770,962,583",2022,N/A
114,Thor: Love and Thunder,"$760,928,081",2022,N/A
115,Fast & Furious Presents: Hobbs & Shaw,"$760,732,926",2019,"$200,000,000"
116,The Da Vinci Code,"$760,006,945",2006,"$125,000,000"
117,Maleficent,"$759,853,685",2014,"$180,000,000"
118,The Amazing Spider-Man,"$757,930,663",2012,"$230,000,000"
119,The Hunger Games: Mockingjay - Part 1,"$755,356,711",2014,"$125,000,000"
120,Shrek Forever After,"$752,600,867",2010,"$165,000,000"
121,Gravity,"$748,049,949",2013,"$100,000,000"
122,Madagascar 3: Europe's Most Wanted,"$746,921,274",2012,"$145,000,000"
123,Suicide Squad,"$746,846,894",2016,"$175,000,000"
124,X-Men: Days of Future Past,"$746,045,700",2014,"$200,000,000"
125,"The Chronicles of Narnia: The Lion, the Witch and the Wardrobe","$745,013,115",2005,"$180,000,000"
126,Monsters University,"$743,559,645",2013,N/A
127,The Matrix Reloaded,"$741,847,937",2003,"$150,000,000"
128,Up,"$735,099,102",2009,"$175,000,000"
129,Ne Zha,"$726,264,074",2019,N/A
130,F9: The Fast Saga,"$726,229,501",2021,N/A
131,Captain America: The Winter Soldier,"$714,421,503",2014,"$170,000,000"
132,The Twilight Saga: Breaking Dawn - Part 1,"$712,205,856",2011,"$110,000,000"
133,The Twilight Saga: New Moon,"$711,025,481",2009,"$50,000,000"
134,Dawn of the Planet of the Apes,"$710,644,566",2014,"$170,000,000"
135,Transformers,"$709,709,780",2007,"$150,000,000"
136,The Amazing Spider-Man 2,"$708,982,323",2014,N/A
137,Fast X,"$704,709,660",2023,N/A
138,It,"$701,842,551",2017,"$35,000,000"
139,The Wandering Earth,"$699,992,512",2019,N/A
140,The Twilight Saga: Eclipse,"$698,509,825",2010,"$68,000,000"
141,Mission: Impossible - Ghost Protocol,"$694,713,380",2011,"$145,000,000"
142,Mamma Mia!,"$694,478,392",2008,"$52,000,000"
143,The Hunger Games,"$694,394,724",2012,"$78,000,000"
144,Detective Chinatown 3,"$686,257,563",2021,N/A
145,Mission: Impossible - Rogue Nation,"$682,716,636",2015,"$150,000,000"
146,Moana,"$682,685,900",2016,N/A
147,Forrest Gump,"$678,226,465",1994,"$55,000,000"
148,Doctor Strange,"$677,796,076",2016,"$165,000,000"
149,The Sixth Sense,"$672,806,432",1999,"$40,000,000"
150,Man of Steel,"$668,045,518",2013,"$225,000,000"
151,Spider-Man: Across the Spider-Verse,"$667,202,220",2023,N/A
152,Ice Age: The Meltdown,"$667,094,506",2006,"$80,000,000"
153,Kung Fu Panda 2,"$665,692,281",2011,"$150,000,000"
154,Justice League,"$657,926,987",2017,N/A
155,Big Hero 6,"$657,869,686",2014,"$165,000,000"
156,Fantastic Beasts: The Crimes of Grindelwald,"$654,855,901",2018,"$200,000,000"
157,Pirates of the Caribbean: The Curse of the Black Pearl,"$654,264,015",2003,"$140,000,000"
158,Men in Black 3,"$654,213,485",2012,"$225,000,000"
159,Star Wars: Episode II - Attack of the Clones,"$653,779,970",2002,"$115,000,000"
160,The Hunger Games: Mockingjay - Part 2,"$653,428,261",2015,"$160,000,000"
161,Thor: The Dark World,"$644,783,140",2013,"$170,000,000"
162,Sing,"$634,338,384",2016,"$75,000,000"
163,Kung Fu Panda,"$632,083,197",2008,"$130,000,000"
164,The Incredibles,"$631,607,053",2004,"$92,000,000"
165,The Martian,"$630,620,818",2015,"$108,000,000"
166,Hancock,"$629,443,428",2008,"$150,000,000"
167,Water Gate Bridge,"$626,571,697",2022,N/A
168,Fast Five,"$626,137,675",2011,"$125,000,000"
169,Iron Man 2,"$623,933,331",2010,"$200,000,000"
170,Ratatouille,"$623,726,085",2007,"$150,000,000"
171,Ant-Man and the Wasp,"$622,674,139",2018,N/A
172,How to Train Your Dragon 2,"$621,537,519",2014,"$145,000,000"
173,Logan,"$619,179,950",2017,"$97,000,000"
174,The Lost World: Jurassic Park,"$618,638,999",1997,"$73,000,000"
175,Casino Royale,"$616,505,162",2006,"$150,000,000"
176,The Passion of the Christ,"$612,054,506",2004,"$30,000,000"
177,Life of Pi,"$609,016,565",2012,"$120,000,000"
178,Ready Player One,"$607,274,134",2018,"$175,000,000"
179,Transformers: The Last Knight,"$605,425,157",2017,"$217,000,000"
180,Madagascar: Escape 2 Africa,"$603,900,354",2008,"$150,000,000"
181,War of the Worlds,"$603,873,119",2005,"$132,000,000"
182,Tangled,"$592,462,816",2010,"$260,000,000"
183,Quantum of Solace,"$589,580,482",2008,"$200,000,000"
184,Men in Black,"$589,390,539",1997,"$90,000,000"
185,The Croods,"$587,235,983",2013,"$135,000,000"
186,The Hangover Part II,"$586,764,305",2011,"$80,000,000"
187,Iron Man,"$585,796,247",2008,"$140,000,000"
188,I Am Legend,"$585,410,052",2007,"$150,000,000"
189,"Monsters, Inc.","$579,707,738",2001,"$115,000,000"
190,Operation Red Sea,"$579,330,426",2018,N/A
191,Night at the Museum,"$574,481,229",2006,N/A
192,Fifty Shades of Grey,"$569,651,467",2015,"$40,000,000"
193,Kong: Skull Island,"$566,652,812",2017,"$185,000,000"
194,The Smurfs,"$563,749,323",2011,"$110,000,000"
195,Cars 2,"$559,852,396",2011,"$200,000,000"
196,King Kong,"$556,906,378",2005,"$207,000,000"
197,The Little Mermaid,"$555,717,338",2023,N/A
198,Puss in Boots,"$554,987,477",2011,"$130,000,000"
199,The Mermaid,"$553,810,228",2016,N/A
200,Armageddon,"$553,709,788",1998,"$140,000,000"
201,The Day After Tomorrow,"$552,639,571",2004,"$125,000,000"
202,Ted,"$549,368,315",2012,"$50,000,000"
203,American Sniper,"$547,459,020",2014,"$58,800,000"
204,Mission: Impossible II,"$546,388,108",2000,"$125,000,000"
205,Detective Chinatown 2,"$544,185,156",2018,N/A
206,X-Men: Apocalypse,"$543,934,105",2016,"$178,000,000"
207,Sherlock Holmes: A Game of Shadows,"$543,848,418",2011,N/A
208,Despicable Me,"$543,157,985",2010,"$69,000,000"
209,Cinderella,"$542,358,331",2015,"$95,000,000"
210,Madagascar,"$542,063,846",2005,N/A
211,World War Z,"$540,455,876",2013,"$190,000,000"
212,Brave,"$538,983,207",2012,"$185,000,000"
213,Star Wars: Episode V - The Empire Strikes Back,"$538,375,067",1980,"$18,000,000"
214,The Simpsons Movie,"$536,414,293",2007,"$75,000,000"
215,The Revenant,"$532,950,503",2015,"$135,000,000"
216,The Meg,"$530,517,320",2018,"$130,000,000"
217,Ralph Breaks the Internet,"$529,323,962",2018,"$175,000,000"
218,Hotel Transylvania 3: Summer Vacation,"$528,583,774",2018,"$80,000,000"
219,The Boss Baby,"$527,965,936",2017,N/A
220,Dunkirk,"$527,016,307",2017,"$100,000,000"
221,The Grinch,"$526,760,632",2018,"$75,000,000"
222,Godzilla,"$524,976,069",2014,"$160,000,000"
223,How to Train Your Dragon: The Hidden World,"$524,580,592",2019,"$129,000,000"
224,Sherlock Holmes,"$524,028,679",2009,"$90,000,000"
225,Meet the Fockers,"$522,657,936",2004,"$80,000,000"
226,WALL·E,"$521,311,890",2008,"$180,000,000"
227,Kung Fu Panda 3,"$521,170,825",2016,"$145,000,000"
228,Terminator 2: Judgment Day,"$520,881,154",1991,"$102,000,000"
229,Ant-Man,"$519,311,965",2015,"$130,000,000"
230,Venom: Let There Be Carnage,"$506,863,592",2021,N/A
231,Ghost,"$505,703,557",1990,"$22,000,000"
232,Aladdin,"$504,050,219",1992,"$28,000,000"
233,Gladiator,"$503,162,313",2000,"$103,000,000"
234,Rio 2,"$498,781,117",2014,"$103,000,000"
235,Troy,"$497,409,852",2004,"$175,000,000"
236,Toy Story 2,"$497,375,381",1999,"$90,000,000"
237,How to Train Your Dragon,"$494,879,471",2010,"$165,000,000"
238,Twister,"$494,580,615",1996,"$92,000,000"
239,Oz the Great and Powerful,"$493,311,825",2013,"$215,000,000"
240,Clash of the Titans,"$493,214,993",2010,"$125,000,000"
241,Maleficent: Mistress of Evil,"$491,730,089",2019,"$185,000,000"
242,War for the Planet of the Apes,"$490,719,763",2017,"$150,000,000"
243,Shrek,"$488,441,368",2001,"$60,000,000"
244,Mr. & Mrs. Smith,"$487,287,646",2005,"$110,000,000"
245,Angels & Demons,"$485,930,816",2009,"$150,000,000"
246,Teenage Mutant Ninja Turtles,"$485,004,754",2014,"$125,000,000"
247,Bruce Almighty,"$484,592,874",2003,"$81,000,000"
248,The King's Speech,"$484,068,861",2010,"$15,000,000"
249,Rio,"$483,866,772",2011,"$90,000,000"
250,Saving Private Ryan,"$482,349,603",1998,"$70,000,000"
251,Rise of the Planet of the Apes,"$481,800,873",2011,"$93,000,000"
252,Puss in Boots: The Last Wish,"$481,093,643",2022,N/A
253,Home Alone,"$476,684,675",1990,"$18,000,000"
254,Jaws,"$476,512,065",1975,"$7,000,000"
255,Ant-Man and the Wasp: Quantumania,"$476,071,180",2023,N/A
256,Hotel Transylvania 2,"$475,186,706",2015,"$80,000,000"
257,Star Wars: Episode VI - Return of the Jedi,"$475,106,177",1983,"$32,500,000"
258,Charlie and the Chocolate Factory,"$474,968,763",2005,"$150,000,000"
259,Indiana Jones and the Last Crusade,"$474,171,806",1989,"$48,000,000"
260,San Andreas,"$474,009,154",2015,"$110,000,000"
261,It Chapter Two,"$473,122,525",2019,"$79,000,000"
262,La La Land,"$471,975,900",2016,"$30,000,000"
263,Wreck-It Ralph,"$471,222,889",2012,"$165,000,000"
264,Godzilla vs. Kong,"$470,116,094",2021,N/A
265,The Hangover,"$469,328,079",2009,"$35,000,000"
266,Lucy,"$469,058,574",2014,"$40,000,000"
267,The Lego Movie,"$468,266,122",2014,"$60,000,000"
268,Bumblebee,"$467,989,645",2018,"$135,000,000"
269,Star Trek Into Darkness,"$467,365,246",2013,"$190,000,000"
270,The Matrix,"$467,222,728",1999,"$63,000,000"
271,Pretty Woman,"$463,406,268",1990,"$14,000,000"
272,Cars,"$461,991,867",2006,"$120,000,000"
273,The Eight Hundred,"$461,421,559",2020,N/A
274,X-Men: The Last Stand,"$460,435,291",2006,"$210,000,000"
275,Moon Man,"$460,237,662",2022,N/A
276,National Treasure: Book of Secrets,"$459,242,249",2007,N/A
277,Mission: Impossible,"$457,696,391",1996,"$80,000,000"
278,300,"$456,082,343",2007,"$65,000,000"
279,The Last Samurai,"$454,627,263",2003,"$140,000,000"
280,Demon Slayer the Movie: Mugen Train,"$453,210,959",2020,N/A
281,Dying to Survive,"$451,183,391",2018,N/A
282,Ocean's Eleven,"$450,717,150",2001,"$85,000,000"
283,"My People, My Country","$450,064,993",2019,N/A
284,Pokémon: Detective Pikachu,"$449,762,638",2019,"$150,000,000"
285,Thor,"$449,326,618",2011,"$150,000,000"
286,Pearl Harbor,"$449,220,945",2001,"$140,000,000"
287,Tarzan,"$448,191,819",1999,"$130,000,000"
288,Men in Black II,"$445,135,288",2002,"$140,000,000"
289,The Bourne Ultimatum,"$444,100,035",2007,"$110,000,000"
290,The Mummy Returns,"$443,280,904",2001,"$98,000,000"
291,Alvin and the Chipmunks: The Squeakquel,"$443,140,005",2009,"$75,000,000"
292,Les Misérables,"$442,299,309",2012,"$61,000,000"
293,The Exorcist,"$441,306,145",1973,"$11,000,000"
294,Mrs. Doubtfire,"$441,286,195",1993,"$25,000,000"
295,Terminator Genisys,"$440,603,537",2015,"$155,000,000"
296,Warcraft,"$439,048,914",2016,"$160,000,000"
297,A Star Is Born,"$436,233,122",2018,"$36,000,000"
298,The Greatest Showman,"$435,732,529",2017,"$84,000,000"
299,Terminator 3: Rise of the Machines,"$433,371,112",2003,"$200,000,000"
300,Shang-Chi and the Legend of the Ten Rings,"$432,243,292",2021,N/A
301,Die Another Day,"$431,971,116",2002,"$142,000,000"
302,The Secret Life of Pets 2,"$431,058,604",2019,"$80,000,000"
303,Cast Away,"$429,632,142",2000,"$90,000,000"
304,Rampage,"$428,028,233",2018,"$120,000,000"
305,The Matrix Revolutions,"$427,344,325",2003,"$150,000,000"
306,John Wick: Chapter 4,"$426,978,565",2023,N/A
307,The Intouchables,"$426,588,510",2011,N/A
308,Bad Boys for Life,"$426,505,244",2020,"$90,000,000"
309,Django Unchained,"$426,074,373",2012,"$100,000,000"
310,Beauty and the Beast,"$424,967,620",1991,"$25,000,000"
311,Dances with Wolves,"$424,208,848",1990,"$22,000,000"
312,Transformers: Rise of the Beasts,"$422,722,604",2023,N/A
313,"My People, My Homeland","$422,390,820",2020,N/A
314,The Chronicles of Narnia: Prince Caspian,"$419,665,568",2008,"$225,000,000"
315,Sex and the City,"$418,765,519",2008,"$65,000,000"
316,The Captain,"$417,282,021",2019,N/A
317,The Mummy,"$415,933,406",1999,"$80,000,000"
318,The Chronicles of Narnia: The Voyage of the Dawn Treader,"$415,686,217",2010,"$155,000,000"
319,Jason Bourne,"$415,484,914",2016,"$120,000,000"
320,The Wolverine,"$414,828,246",2013,"$120,000,000"
321,Kingsman: The Secret Service,"$414,351,546",2015,"$81,000,000"
322,Night at the Museum: Battle of the Smithsonian,"$413,106,170",2009,"$150,000,000"
323,Batman,"$411,569,241",1989,"$35,000,000"
324,The Bodyguard,"$411,046,449",1992,N/A
325,Pacific Rim,"$411,002,906",2013,"$190,000,000"
326,Kingsman: The Golden Circle,"$410,902,662",2017,"$104,000,000"
327,The Mummy,"$409,231,607",2017,"$125,000,000"
328,Ice Age: Collision Course,"$408,754,975",2016,"$105,000,000"
329,Twilight,"$408,430,415",2008,"$37,000,000"
330,Sing 2,"$408,401,214",2021,N/A
331,Signs,"$408,247,917",2002,"$72,000,000"
332,X2: X-Men United,"$407,711,549",2003,"$110,000,000"
333,Fantastic Beasts: The Secrets of Dumbledore,"$407,150,844",2022,N/A
334,Uncharted,"$407,141,258",2022,N/A
335,The Wolf of Wall Street,"$406,878,233",2013,"$100,000,000"
336,Sonic the Hedgehog 2,"$405,421,518",2022,N/A
337,Alita: Battle Angel,"$404,980,543",2019,"$170,000,000"
338,The Mummy: Tomb of the Dragon Emperor,"$403,449,830",2008,"$145,000,000"
339,Prometheus,"$403,354,469",2012,"$130,000,000"
340,Gone with the Wind,"$402,382,193",1939,N/A
341,Mamma Mia! Here We Go Again,"$402,264,843",2018,"$75,000,000"
342,Eternals,"$402,064,899",2021,N/A
343,Dune,"$402,027,830",2021,N/A
344,TRON: Legacy,"$400,063,852",2010,"$170,000,000"
345,Mission: Impossible III,"$398,479,497",2006,"$150,000,000"
346,Snow White and the Huntsman,"$396,592,829",2012,"$170,000,000"
347,Grease,"$396,271,103",1978,"$6,000,000"
348,Toy Story,"$394,436,586",1995,N/A
349,Black Adam,"$393,252,111",2022,N/A
350,Solo: A Star Wars Story,"$392,924,807",2018,"$275,000,000"
351,Superman Returns,"$391,081,192",2006,"$270,000,000"
352,Robin Hood: Prince of Thieves,"$390,493,908",1991,"$48,000,000"
353,Raiders of the Lost Ark,"$389,925,971",1981,"$18,000,000"
354,Independence Day: Resurgence,"$389,681,935",2016,"$165,000,000"
355,Live Free or Die Hard,"$388,156,011",2007,"$110,000,000"
356,Monster Hunt,"$387,053,506",2015,N/A
357,Godzilla: King of the Monsters,"$386,600,138",2019,"$170,000,000"
358,Home,"$386,041,607",2015,"$135,000,000"
359,Star Trek,"$385,680,446",2009,"$150,000,000"
360,1917,"$384,579,437",2019,"$95,000,000"
361,Happy Feet,"$384,336,108",2006,"$100,000,000"
362,Spider-Man: Into the Spider-Verse,"$384,256,930",2018,"$90,000,000"
363,Cars 3,"$383,930,656",2017,N/A
364,Back to the Future,"$383,336,762",1985,"$19,000,000"
365,Ice Age,"$383,257,136",2002,"$59,000,000"
366,Your Name.,"$382,238,181",2016,N/A
367,Fifty Shades Darker,"$381,545,846",2017,"$55,000,000"
368,Monsters vs. Aliens,"$381,509,870",2009,"$175,000,000"
369,Mad Max: Fury Road,"$380,080,290",2015,"$150,000,000"
370,Black Widow,"$379,751,655",2021,N/A
371,Godzilla,"$379,014,294",1998,"$130,000,000"
372,True Lies,"$378,882,411",1994,"$115,000,000"
373,Slumdog Millionaire,"$378,410,542",2008,"$15,000,000"
374,Once Upon a Time in Hollywood,"$377,617,598",2019,"$90,000,000"
375,Taken 2,"$376,152,455",2012,"$45,000,000"
376,G.I. Joe: Retaliation,"$375,740,705",2013,"$130,000,000"
377,Shark Tale,"$374,583,879",2004,"$75,000,000"
378,What Women Want,"$374,111,707",2000,"$70,000,000"
379,The Adventures of Tintin,"$373,993,951",2011,N/A
380,Batman Begins,"$373,672,993",2005,"$150,000,000"
381,Penguins of Madagascar,"$373,515,621",2014,"$132,000,000"
382,X-Men Origins: Wolverine,"$373,062,864",2009,"$150,000,000"
383,The Golden Compass,"$372,234,864",2007,"$180,000,000"
384,Fifty Shades Freed,"$371,985,018",2018,"$55,000,000"
385,Hitch,"$371,594,210",2005,"$70,000,000"
386,Terminator Salvation,"$371,353,001",2009,"$200,000,000"
387,Captain America: The First Avenger,"$370,569,774",2011,"$140,000,000"
388,Edge of Tomorrow,"$370,541,256",2014,"$178,000,000"
389,There's Something About Mary,"$369,884,651",1998,"$23,000,000"
390,Gone Girl,"$369,330,363",2014,"$61,000,000"
391,The Fugitive,"$368,875,760",1993,N/A
392,Jurassic Park III,"$368,780,809",2001,"$93,000,000"
393,My Big Fat Greek Wedding,"$368,744,044",2002,"$5,000,000"
394,Shazam!,"$367,799,011",2019,"$100,000,000"
395,Hello Mr. Billionaire,"$366,961,907",2018,N/A
396,Die Hard with a Vengeance,"$366,101,666",1995,"$90,000,000"
397,The Nun,"$365,582,797",2018,"$22,000,000"
398,Alvin and the Chipmunks,"$365,352,546",2007,"$60,000,000"
399,Tenet,"$365,304,105",2020,N/A
400,Notting Hill,"$363,889,678",1999,"$42,000,000"
401,A Bug's Life,"$363,258,859",1998,"$120,000,000"
402,Night at the Museum: Secret of the Tomb,"$363,204,635",2014,"$127,000,000"
403,Ocean's Twelve,"$362,744,280",2004,"$110,000,000"
404,Planet of the Apes,"$362,211,740",2001,"$100,000,000"
405,The Hangover Part III,"$362,000,072",2013,"$103,000,000"
406,The World Is Not Enough,"$361,832,400",1999,"$135,000,000"
407,Monster Hunt 2,"$361,682,618",2018,N/A
408,Fast & Furious,"$360,366,870",2009,"$85,000,000"
409,Noah,"$359,200,044",2014,"$125,000,000"
410,The Karate Kid,"$359,126,022",2010,"$40,000,000"
411,Home Alone 2: Lost in New York,"$358,994,850",1992,N/A
412,Hotel Transylvania,"$358,375,603",2012,"$85,000,000"
413,Minority Report,"$358,372,926",2002,"$102,000,000"
414,Top Gun,"$357,288,178",1986,N/A
415,Spirited Away,"$357,277,400",2001,N/A
416,The Legend of Tarzan,"$356,700,357",2016,"$180,000,000"
417,American Beauty,"$356,296,601",1999,"$15,000,000"
418,Apollo 13,"$355,237,933",1995,N/A
419,Rain Man,"$354,825,435",1988,"$25,000,000"
420,The Great Gatsby,"$353,659,851",2013,"$105,000,000"
421,Dumbo,"$353,284,621",2019,"$170,000,000"
422,"I, Robot","$353,133,898",2004,"$120,000,000"
423,Basic Instinct,"$352,927,224",1992,"$49,000,000"
424,Murder on the Orient Express,"$352,794,081",2017,"$55,000,000"
425,X-Men: First Class,"$352,616,690",2011,"$160,000,000"
426,The Angry Birds Movie,"$352,333,929",2016,"$73,000,000"
427,GoldenEye,"$352,194,034",1995,N/A
428,Catch Me If You Can,"$352,114,312",2002,"$52,000,000"
429,Now You See Me,"$351,723,989",2013,"$75,000,000"
430,Hannibal,"$351,692,268",2001,"$87,000,000"
431,The Mask,"$351,583,407",1994,"$23,000,000"
432,Peter Rabbit,"$351,496,066",2018,"$50,000,000"
433,Speed,"$350,448,145",1994,"$30,000,000"
434,Dinosaur,"$349,822,765",2000,"$127,500,000"
435,Mary Poppins Returns,"$349,546,142",2018,"$130,000,000"
436,Deep Impact,"$349,464,664",1998,N/A
437,The Lorax,"$349,183,316",2012,"$70,000,000"
438,The Maze Runner,"$348,319,861",2014,"$34,000,000"
439,The Smurfs 2,"$347,545,360",2013,"$105,000,000"
440,National Treasure,"$347,512,318",2004,"$100,000,000"
441,Rush Hour 2,"$347,325,802",2001,"$90,000,000"
442,Trolls,"$347,182,886",2016,"$125,000,000"
443,xXx: Return of Xander Cage,"$346,118,277",2017,"$85,000,000"
444,Pocahontas,"$346,079,773",1995,N/A
445,How the Grinch Stole Christmas,"$345,823,032",2000,"$123,000,000"
446,Star Trek Beyond,"$343,471,816",2016,"$185,000,000"
447,Alvin and the Chipmunks: Chipwrecked,"$342,695,435",2011,"$75,000,000"
448,Wanted,"$342,463,063",2008,"$75,000,000"
449,The Flintstones,"$341,631,208",1994,"$46,000,000"
450,A Quiet Place,"$340,952,971",2018,"$17,000,000"
451,Enchanted,"$340,487,862",2007,"$85,000,000"
452,Over the Hedge,"$339,795,890",2006,N/A
453,300: Rise of an Empire,"$337,580,051",2014,"$110,000,000"
454,Batman Forever,"$336,567,158",1995,"$100,000,000"
455,Prince of Persia: The Sands of Time,"$336,365,676",2009,"$200,000,000"
456,The Curious Case of Benjamin Button,"$335,802,786",2008,"$150,000,000"
457,Journey 2: The Mysterious Island,"$335,287,748",2012,"$79,000,000"
458,The Rock,"$335,062,621",1996,"$75,000,000"
459,The Great Wall,"$334,933,831",2016,"$150,000,000"
460,Now You See Me 2,"$334,897,606",2016,N/A
461,Never Say Die,"$334,530,869",2017,N/A
462,Bridget Jones's Diary,"$334,272,563",2001,"$25,000,000"
463,Fantastic Four,"$333,535,934",2005,"$100,000,000"
464,Indiana Jones and the Temple of Doom,"$333,107,271",1984,"$28,000,000"
465,Tomorrow Never Dies,"$333,011,068",1997,N/A
466,Back to the Future Part II,"$332,500,002",1989,"$40,000,000"
467,The Good Dinosaur,"$332,207,671",2015,N/A
468,Free Guy,"$331,526,598",2021,N/A
469,22 Jump Street,"$331,333,876",2014,"$50,000,000"
470,Meet the Parents,"$330,444,045",2000,"$55,000,000"
471,Who Framed Roger Rabbit,"$329,803,958",1988,"$70,000,000"
472,Black Swan,"$329,398,046",2010,"$13,000,000"
473,The Perfect Storm,"$328,718,434",2000,"$140,000,000"
474,John Wick: Chapter 3 - Parabellum,"$328,349,387",2019,"$75,000,000"
475,Crocodile Dundee,"$328,203,506",1986,N/A
476,Crazy Alien,"$327,598,891",2019,N/A
477,Se7en,"$327,333,559",1995,"$33,000,000"
478,The Devil Wears Prada,"$326,706,115",2006,"$35,000,000"
479,Taken 3,"$326,479,141",2015,"$48,000,000"
480,The Hunchback of Notre Dame,"$325,338,851",1996,"$100,000,000"
481,A Christmas Carol,"$325,286,646",2009,"$200,000,000"
482,The SpongeBob Movie: Sponge Out of Water,"$325,186,032",2015,"$74,000,000"
483,Schindler's List,"$322,161,245",1993,"$22,000,000"
484,Megamind,"$321,885,765",2010,"$130,000,000"
485,The Conjuring 2,"$321,834,351",2016,"$40,000,000"
486,Green Book,"$321,752,656",2018,"$23,000,000"
487,Lethal Weapon 3,"$321,731,527",1992,"$35,000,000"
488,Robin Hood,"$321,669,741",2010,"$200,000,000"
489,Inglourious Basterds,"$321,457,747",2009,"$70,000,000"
490,101 Dalmatians,"$320,689,294",1996,N/A
491,The Conjuring,"$320,406,242",2013,"$20,000,000"
492,Fatal Attraction,"$320,145,693",1987,N/A
493,Sonic the Hedgehog,"$319,715,683",2020,"$85,000,000"
494,The Last Airbender,"$319,713,881",2010,"$150,000,000"
495,Elemental,"$318,948,465",2023,N/A
496,The Proposal,"$317,375,031",2009,"$40,000,000"
497,The Polar Express,"$316,897,787",2004,"$165,000,000"
498,A Beautiful Mind,"$316,791,257",2001,"$58,000,000"
499,Beverly Hills Cop,"$316,360,478",1984,N/A
500,Air Force One,"$315,156,409",1997,"$85,000,000"
501,Wonder,"$315,025,930",2017,N/A
502,The Expendables 2,"$314,975,955",2012,"$100,000,000"
503,Chicken Little,"$314,432,837",2005,"$150,000,000"
504,As Good as It Gets,"$314,178,011",1997,"$50,000,000"
505,Knives Out,"$312,897,920",2019,"$40,000,000"
506,Maze Runner: The Scorch Trials,"$312,296,056",2015,"$61,000,000"
507,Resident Evil: The Final Chapter,"$312,242,626",2016,"$40,000,000"
508,The Lego Batman Movie,"$312,136,671",2017,"$80,000,000"
509,Austin Powers: The Spy Who Shagged Me,"$312,016,928",1999,"$33,000,000"
510,Ocean's Thirteen,"$311,312,624",2007,N/A
511,Little Fockers,"$310,650,585",2010,"$100,000,000"
512,Indiana Jones and the Dial of Destiny,"$310,242,994",2023,N/A
513,Bolt,"$309,979,994",2008,"$150,000,000"
514,Ransom,"$309,492,681",1996,N/A
515,Runaway Bride,"$309,460,292",1999,"$70,000,000"
516,The Blind Side,"$309,231,694",2009,"$29,000,000"
517,The Ex-File 3: Return of the Exes,"$307,592,427",2017,N/A
518,The Fault in Our Stars,"$307,166,834",2014,"$12,000,000"
519,The Pursuit of Happyness,"$307,127,625",2006,"$55,000,000"
520,Rise of the Guardians,"$306,941,670",2012,"$145,000,000"
521,Close Encounters of the Third Kind,"$306,889,114",1977,"$20,000,000"
522,Chicago,"$306,776,732",2002,"$45,000,000"
523,Annabelle: Creation,"$306,515,884",2017,"$15,000,000"
524,Bridesmaids,"$306,442,085",2011,"$32,500,000"
525,Skyscraper,"$304,868,961",2018,"$125,000,000"
526,A Good Day to Die Hard,"$304,654,182",2013,"$92,000,000"
527,Mulan,"$304,320,254",1998,N/A
528,Dangal,"$303,723,636",2016,N/A
529,Passengers,"$303,144,152",2016,"$110,000,000"
530,Battleship,"$303,025,485",2012,"$209,000,000"
531,Liar Liar,"$302,710,615",1997,N/A
532,G.I. Joe: The Rise of Cobra,"$302,469,017",2009,"$175,000,000"
533,Wrath of the Titans,"$301,970,083",2012,"$150,000,000"
534,Fantastic Four: Rise of the Silver Surfer,"$301,913,131",2007,"$130,000,000"
535,Hook,"$300,854,823",1991,"$70,000,000"
536,Superman,"$300,478,449",1978,"$55,000,000"
537,Rocky IV,"$300,473,716",1985,N/A
538,Rambo: First Blood Part II,"$300,400,432",1985,N/A
539,Resident Evil: Afterlife,"$300,228,084",2010,"$60,000,000"
540,Van Helsing,"$300,157,638",2004,"$160,000,000"
541,Stuart Little,"$300,135,367",1999,"$133,000,000"
542,Beverly Hills Cop II,"$299,965,036",1987,N/A
543,Alice Through the Looking Glass,"$299,820,798",2016,"$170,000,000"
544,My Best Friend's Wedding,"$299,288,605",1997,"$38,000,000"
545,Real Steel,"$299,268,508",2011,N/A
546,Horton Hears a Who!,"$298,572,799",2008,"$85,000,000"
547,Ocean's Eight,"$297,795,726",2018,"$70,000,000"
548,A Quiet Place Part II,"$297,372,261",2021,N/A
549,The Divergent Series: Insurgent,"$297,002,527",2015,"$110,000,000"
550,Look Who's Talking,"$296,999,813",1989,N/A
551,Austin Powers in Goldmember,"$296,938,801",2002,"$63,000,000"
552,Ghostbusters,"$296,578,797",1984,"$30,000,000"
553,Miss Peregrine's Home for Peculiar Children,"$296,482,446",2016,"$110,000,000"
554,X-Men,"$296,339,528",2000,"$75,000,000"
555,Ferdinand,"$296,069,199",2017,"$111,000,000"
556,Shutter Island,"$294,805,697",2010,"$80,000,000"
557,Doctor Dolittle,"$294,456,605",1998,N/A
558,Bee Movie,"$293,514,336",2007,"$150,000,000"
559,Salt,"$293,503,354",2010,"$110,000,000"
560,G-Force,"$292,817,898",2009,"$150,000,000"
561,The Departed,"$291,480,452",2006,"$90,000,000"
562,What Lies Beneath,"$291,420,351",2000,"$100,000,000"
563,Pacific Rim: Uprising,"$290,930,148",2018,"$150,000,000"
564,The Bourne Supremacy,"$290,835,269",2004,"$75,000,000"
565,Sex and the City 2,"$290,745,055",2010,"$100,000,000"
566,Shakespeare in Love,"$289,317,794",1998,"$25,000,000"
567,Divergent,"$288,885,818",2014,"$85,000,000"
568,Coming to America,"$288,752,301",1988,N/A
569,Elvis,"$288,670,284",2022,N/A
570,Wedding Crashers,"$288,485,135",2005,"$40,000,000"
571,Maze Runner: The Death Cure,"$288,175,335",2018,"$62,000,000"
572,Casper,"$287,928,194",1995,N/A
573,American Pie 2,"$287,553,595",2001,"$30,000,000"
574,Pitch Perfect 2,"$287,144,079",2015,"$29,000,000"
575,The Green Mile,"$286,801,374",1999,"$60,000,000"
576,Oblivion,"$286,168,572",2013,"$120,000,000"
577,Elysium,"$286,140,700",2013,"$115,000,000"
578,Lethal Weapon 4,"$285,444,603",1998,"$140,000,000"
579,John Carter,"$284,139,100",2012,"$250,000,000"
580,Turbo,"$282,570,682",2013,"$135,000,000"
581,Paddington,"$282,422,653",2014,"$55,000,000"
582,The Tourist,"$278,780,441",2010,"$100,000,000"
583,Split,"$278,454,417",2017,"$9,000,000"
584,Scary Movie,"$278,019,771",2000,"$19,000,000"
585,xXx,"$277,448,382",2002,"$70,000,000"
586,The Bourne Legacy,"$276,144,750",2012,"$125,000,000"
587,Mr. Peabody & Sherman,"$275,698,039",2014,"$145,000,000"
588,Scooby-Doo,"$275,678,613",2002,"$84,000,000"
589,Lincoln,"$275,293,450",2012,"$65,000,000"
590,Creed III,"$275,248,615",2023,N/A
591,Lara Croft: Tomb Raider,"$274,703,340",2001,"$115,000,000"
592,Tomb Raider,"$274,650,803",2018,"$94,000,000"
593,The Expendables,"$274,470,394",2010,"$80,000,000"
594,Cloudy with a Chance of Meatballs 2,"$274,325,949",2013,"$78,000,000"
595,The Nutty Professor,"$273,961,019",1996,"$54,000,000"
596,Jerry Maguire,"$273,552,592",1996,"$50,000,000"
597,Bad Boys II,"$273,339,556",2003,"$130,000,000"
598,Lilo & Stitch,"$273,144,151",2002,"$80,000,000"
599,The Silence of the Lambs,"$272,742,922",1991,"$19,000,000"
600,Grown Ups,"$271,457,301",2010,"$80,000,000"
601,Neighbors,"$270,665,134",2014,"$18,000,000"
602,The Firm,"$270,248,367",1993,N/A
603,We're the Millers,"$269,994,119",2012,"$37,000,000"
604,Gran Torino,"$269,958,228",2008,"$33,000,000"
605,"10,000 BC","$269,784,201",2008,"$105,000,000"
606,American Gangster,"$269,755,430",2007,"$100,000,000"
607,Epic,"$268,426,634",2013,"$100,000,000"
608,Mission: Impossible - Dead Reckoning Part One,"$268,272,336",2023,N/A
609,Exodus: Gods and Kings,"$268,175,631",2014,"$140,000,000"
610,Blade Runner 2049,"$267,770,708",2017,"$150,000,000"
611,The Flash,"$267,631,378",2023,N/A
612,Bambi,"$267,447,150",1942,N/A
613,The Princess and the Frog,"$267,045,765",2009,"$105,000,000"
614,Batman Returns,"$266,915,287",1992,"$80,000,000"
615,Indecent Proposal,"$266,614,059",1993,N/A
616,Something's Gotta Give,"$265,328,738",2003,"$80,000,000"
617,Bridget Jones: The Edge of Reason,"$265,126,918",2004,"$40,000,000"
618,The Incredible Hulk,"$264,770,996",2008,"$150,000,000"
619,Waterworld,"$264,218,220",1995,"$175,000,000"
620,The Truman Show,"$264,118,712",1998,N/A
621,Charlie's Angels,"$264,105,545",2000,"$93,000,000"
622,The Fifth Element,"$263,920,180",1997,N/A
623,Jumanji,"$262,821,940",1995,"$65,000,000"
624,Parasite,"$262,681,282",2019,"$11,400,000"
625,Borat,"$262,552,893",2006,"$18,000,000"
626,Robots,"$262,511,490",2005,"$75,000,000"
627,Knight and Day,"$261,989,769",2008,"$117,000,000"
628,Total Recall,"$261,317,921",1990,"$65,000,000"
629,This Is It,"$261,183,588",2009,N/A
630,Terminator: Dark Fate,"$261,119,292",2019,"$185,000,000"
631,The Lone Ranger,"$260,502,115",2013,"$215,000,000"
632,Super 8,"$260,095,986",2011,"$50,000,000"
633,Halloween,"$259,939,835",2018,"$10,000,000"
634,Mojin: The Lost Legend,"$259,368,448",2015,"$37,000,000"
635,Charlie's Angels: Full Throttle,"$259,175,788",2003,"$120,000,000"
636,Rush Hour 3,"$258,097,122",2007,"$140,000,000"
637,The Full Monty,"$257,938,649",1997,"$3,500,000"
638,Kung Fu Yoga,"$257,753,889",2017,"$65,000,000"
639,Annabelle,"$257,589,721",2014,"$6,500,000"
640,Encanto,"$256,786,742",2021,N/A
641,The Village,"$256,697,520",2003,"$60,000,000"
642,Lost in Hong Kong,"$256,283,912",2015,N/A
643,Erin Brockovich,"$256,271,286",2000,"$52,000,000"
644,Us,"$256,067,149",2019,"$20,000,000"
645,Pegasus,"$255,863,112",2019,N/A
646,Get Out,"$255,745,157",2016,"$4,500,000"
647,Marley & Me,"$255,743,093",2008,N/A
648,Cliffhanger,"$255,000,211",1993,"$70,000,000"
649,Baahubali 2: The Conclusion,"$254,158,390",2017,N/A
650,Babe,"$254,134,910",1995,N/A
651,Men in Black: International,"$253,890,701",2019,"$110,000,000"
652,Wild Hogs,"$253,625,427",2007,N/A
653,High School Musical 3: Senior Year,"$252,909,177",2008,"$11,000,000"
654,Hercules,"$252,712,101",1997,"$85,000,000"
655,X-Men: Dark Phoenix,"$252,442,974",2019,"$200,000,000"
656,True Grit,"$252,276,927",2010,"$38,000,000"
657,Dolittle,"$251,410,631",2020,"$175,000,000"
658,Bean,"$251,212,670",1997,"$18,000,000"
659,American Hustle,"$251,171,807",2013,"$40,000,000"
660,Enemy of the State,"$250,849,789",1998,"$90,000,000"
661,You've Got Mail,"$250,821,495",1998,"$65,000,000"
662,Eragon,"$250,425,512",2006,"$100,000,000"
663,Brother Bear,"$250,397,798",2003,N/A
664,The Godfather,"$250,341,816",1972,"$6,000,000"
665,The Mask of Zorro,"$250,288,523",1998,"$95,000,000"
666,The Bad Guys,"$250,162,278",2022,N/A
667,The Ring,"$249,348,933",2002,"$48,000,000"
668,The Blair Witch Project,"$248,639,099",1999,"$60,000"
669,Unbreakable,"$248,118,121",2000,"$75,000,000"
670,Love Actually,"$247,933,248",2003,"$40,000,000"
671,Journey to the West: The Demons Strike Back,"$247,585,244",2017,N/A
672,Dumb and Dumber,"$247,290,327",1994,"$17,000,000"
673,Glass,"$246,999,039",2019,"$20,000,000"
674,Grown Ups 2,"$246,984,278",2013,"$80,000,000"
675,The Peanuts Movie,"$246,233,113",2015,"$99,000,000"
676,Rango,"$245,724,603",2011,"$135,000,000"
677,Four Weddings and a Funeral,"$245,700,832",1994,"$4,400,000"
678,Face/Off,"$245,676,146",1997,"$80,000,000"
679,Teenage Mutant Ninja Turtles: Out of the Shadows,"$245,623,848",2016,"$135,000,000"
680,Dark Shadows,"$245,527,149",2012,"$150,000,000"
681,Hulk,"$245,285,165",2003,"$137,000,000"
682,The Bravest,"$245,179,562",2019,N/A
683,Welcome to the Sticks,"$245,144,417",2008,N/A
684,Back to the Future Part III,"$245,077,583",1990,"$40,000,000"
685,Pixels,"$244,874,809",2015,"$88,000,000"
686,Hercules,"$244,819,862",2014,"$100,000,000"
687,Rush Hour,"$244,721,064",1998,"$33,000,000"
688,Journey to the Center of the Earth,"$244,232,688",2008,"$60,000,000"
689,After Earth,"$243,611,982",2013,"$130,000,000"
690,A Few Good Men,"$243,240,178",1992,"$41,000,000"
691,Cloudy with a Chance of Meatballs,"$243,006,126",2009,"$100,000,000"
692,8 Mile,"$242,875,078",2002,"$41,000,000"
693,Daddy's Home,"$242,786,137",2015,N/A
694,RoboCop,"$242,688,965",2014,"$100,000,000"
695,Eraser,"$242,295,562",1996,"$100,000,000"
696,Alien: Covenant,"$240,891,763",2017,"$97,000,000"
697,Sully,"$240,797,623",2016,"$60,000,000"
698,Assassin's Creed,"$240,697,856",2016,"$125,000,000"
699,Click,"$240,685,326",2006,"$82,500,000"
700,Legend of Deification,"$240,646,355",2020,N/A
701,Planes,"$240,171,783",2013,"$50,000,000"
702,Resident Evil: Retribution,"$240,159,255",2012,"$65,000,000"
703,Die Hard 2,"$240,031,274",1990,"$70,000,000"
704,Crocodile Dundee II,"$239,606,210",1988,N/A
705,Bullet Train,"$239,268,602",2022,N/A
706,Crazy Rich Asians,"$238,843,729",2018,"$30,000,000"
707,Batman & Robin,"$238,235,719",1997,"$125,000,000"
708,Howl's Moving Castle,"$237,536,126",2004,N/A
709,Gulliver's Travels,"$237,382,724",2010,"$112,000,000"
710,Gone in 60 Seconds,"$237,202,299",2000,"$90,000,000"
711,Saturday Night Fever,"$237,113,184",1977,N/A
712,Silver Linings Playbook,"$236,412,453",2012,"$21,000,000"
713,2 Fast 2 Furious,"$236,350,661",2003,"$76,000,000"
714,Hidden Figures,"$235,956,898",2016,"$25,000,000"
715,A.I. Artificial Intelligence,"$235,926,552",2001,"$100,000,000"
716,Dead Poets Society,"$235,860,116",1989,N/A
717,Spy,"$235,666,219",2015,"$65,000,000"
718,American Pie,"$235,483,004",1999,"$11,000,000"
719,American Reunion,"$234,989,584",2012,"$50,000,000"
720,Big Daddy,"$234,801,895",1999,"$34,200,000"
721,Alvin and the Chipmunks: The Road Chip,"$234,798,636",2015,N/A
722,The Imitation Game,"$233,555,708",2014,N/A
723,Cruella,"$233,503,234",2021,N/A
724,The Day the Earth Stood Still,"$233,093,859",2008,"$80,000,000"
725,American Wedding,"$232,722,935",2003,"$55,000,000"
726,The Girl with the Dragon Tattoo,"$232,617,430",2011,"$90,000,000"
727,Juno,"$232,372,681",2007,"$7,500,000"
728,Argo,"$232,325,503",2012,"$44,500,000"
729,Mr. Bean's Holiday,"$232,225,908",2007,N/A
730,The English Patient,"$231,976,425",1996,"$27,000,000"
731,Sister Act,"$231,605,150",1992,N/A
732,Annabelle Comes Home,"$231,252,591",2019,"$30,000,000"
733,Constantine,"$230,884,728",2005,"$100,000,000"
734,Get Smart,"$230,685,453",2008,"$80,000,000"
735,Space Jam,"$230,594,962",1996,N/A
736,Life Is Beautiful,"$230,099,013",1998,N/A
737,The Heat,"$229,930,771",2013,"$43,000,000"
738,Ghostbusters,"$229,147,509",2016,"$144,000,000"
739,Ghost Rider,"$228,738,393",2007,"$110,000,000"
740,Goodbye Mr. Loser,"$228,122,928",2015,N/A
741,Paddington 2,"$227,994,792",2017,N/A
742,Sleepless in Seattle,"$227,927,165",1993,"$21,000,000"
743,Lethal Weapon 2,"$227,853,986",1989,N/A
744,The Green Hornet,"$227,817,248",2011,"$120,000,000"
745,Out of Africa,"$227,514,205",1985,N/A
746,Elf,"$227,356,156",2003,"$33,000,000"
747,Youth,"$227,091,290",2017,N/A
748,Baby Driver,"$226,945,087",2017,"$34,000,000"
749,Immortals,"$226,904,017",2011,"$75,000,000"
750,Taken,"$226,837,760",2008,"$25,000,000"
751,Percy Jackson & the Olympians: The Lightning Thief,"$226,497,209",2010,"$95,000,000"
752,Lightyear,"$226,425,420",2022,N/A
753,Hansel & Gretel: Witch Hunters,"$226,349,749",2013,"$50,000,000"
754,Valerian and the City of a Thousand Planets,"$225,973,340",2017,"$177,200,000"
755,Good Will Hunting,"$225,933,435",1997,N/A
756,Better Days,"$225,918,798",2019,N/A
757,Ford v Ferrari,"$225,508,210",2019,"$97,600,000"
758,Jumper,"$225,132,113",2008,"$85,000,000"
759,The Social Network,"$224,920,375",2010,"$40,000,000"
760,Chicken Run,"$224,874,960",2000,"$45,000,000"
761,Con Air,"$224,012,234",1997,"$75,000,000"
762,Interview with the Vampire: The Vampire Chronicles,"$223,664,608",1994,"$60,000,000"
763,Flightplan,"$223,387,299",2005,N/A
764,Yes Man,"$223,241,637",2008,"$70,000,000"
765,Non-Stop,"$222,809,600",2014,"$50,000,000"
766,"Honey, I Shrunk the Kids","$222,724,172",1989,N/A
767,Fahrenheit 9/11,"$222,446,882",2004,"$6,000,000"
768,Wild Wild West,"$222,104,681",1999,"$170,000,000"
769,"My Country, My Parents","$221,831,086",2021,N/A
770,Geostorm,"$221,600,160",2017,"$120,000,000"
771,Presumed Innocent,"$221,303,188",1990,N/A
772,Jungle Cruise,"$220,889,446",2021,N/A
773,Scary Movie 3,"$220,673,217",2003,"$48,000,000"
774,Collateral,"$220,239,925",2004,"$65,000,000"
775,Inferno,"$220,021,259",2016,"$75,000,000"
776,Knocked Up,"$219,922,417",2007,"$30,000,000"
777,Green Lantern,"$219,851,172",2011,"$200,000,000"
778,What Happens in Vegas,"$219,375,562",2008,"$35,000,000"
779,It's Complicated,"$219,103,655",2009,"$85,000,000"
780,The Terminal,"$219,100,084",2004,"$60,000,000"
781,Little Women,"$218,843,645",2019,"$40,000,000"
782,Captain Phillips,"$218,791,811",2013,"$55,000,000"
783,The Prince of Egypt,"$218,613,188",1998,"$70,000,000"
784,Jack Reacher,"$218,340,595",2012,"$60,000,000"
785,Kingdom of Heaven,"$218,122,627",2005,"$130,000,000"
786,The Emoji Movie,"$217,776,646",2017,"$50,000,000"
787,Smile,"$217,408,513",2022,N/A
788,Too Cool to Kill,"$217,254,604",2022,N/A
789,Dracula Untold,"$217,124,280",2014,"$70,000,000"
790,Central Intelligence,"$216,972,543",2016,"$50,000,000"
791,Million Dollar Baby,"$216,763,646",2004,"$30,000,000"
792,The Help,"$216,639,112",2011,"$25,000,000"
793,Twins,"$216,614,388",1988,"$15,000,000"
794,Valentine's Day,"$216,528,528",2010,"$52,000,000"
795,Bad Teacher,"$216,197,492",2011,"$20,000,000"
796,A Little Red Flower,"$216,000,000",2020,N/A
797,The Croods: A New Age,"$215,905,815",2020,N/A
798,Clear and Present Danger,"$215,887,717",1994,"$62,000,000"
799,One Hundred and One Dalmatians,"$215,880,014",1961,N/A
800,Ted 2,"$215,863,606",2015,"$68,000,000"
801,Bram Stoker's Dracula,"$215,862,692",1992,"$40,000,000"
802,Vertical Limit,"$215,663,859",2000,"$75,000,000"
803,Ghostbusters II,"$215,394,738",1989,N/A
804,The Patriot,"$215,294,342",2000,"$110,000,000"
805,The Sorcerer's Apprentice,"$215,283,742",2010,"$150,000,000"
806,Just Go with It,"$214,945,591",2011,"$80,000,000"
807,The Expendables 3,"$214,657,577",2014,N/A
808,Dirty Dancing,"$214,577,242",1987,"$6,000,000"
809,Creed II,"$214,215,889",2018,"$50,000,000"
810,Smallfoot,"$214,115,531",2018,N/A
811,Public Enemies,"$214,104,620",2009,"$100,000,000"
812,The Bourne Identity,"$214,034,224",2002,"$60,000,000"
813,Disclosure,"$214,015,089",1994,"$55,000,000"
814,"Crouching Tiger, Hidden Dragon","$213,977,285",2000,"$17,000,000"
815,Pulp Fiction,"$213,928,762",1994,"$8,000,000"
816,The Aviator,"$213,719,942",2004,"$110,000,000"
817,Braveheart,"$213,216,216",1995,"$72,000,000"
818,Into the Woods,"$212,902,372",2014,"$50,000,000"
819,Bedtime Stories,"$212,874,864",2008,"$80,000,000"
820,Miss Congeniality,"$212,742,720",2000,"$45,000,000"
821,Entrapment,"$212,404,396",1999,"$66,000,000"
822,Ace Ventura: When Nature Calls,"$212,385,533",1995,N/A
823,End of Days,"$211,989,043",1999,"$100,000,000"
824,Bridget Jones's Baby,"$211,952,420",2016,"$35,000,000"
825,Fury,"$211,822,697",2014,"$68,000,000"
826,Battle Los Angeles,"$211,819,354",2011,"$70,000,000"
827,Australia,"$211,787,511",2008,"$130,000,000"
828,Due Date,"$211,780,824",2010,"$65,000,000"
829,Master and Commander: The Far Side of the World,"$211,622,535",2003,"$150,000,000"
830,A Series of Unfortunate Events,"$211,468,235",2004,"$140,000,000"
831,The Little Mermaid,"$211,343,479",1989,N/A
832,Nice View,"$211,019,042",2022,N/A
833,District 9,"$210,888,950",2009,"$30,000,000"
834,Moonraker,"$210,308,099",1979,N/A
835,The Others,"$209,947,037",2001,"$17,000,000"
836,Horrible Bosses,"$209,838,559",2011,"$35,000,000"
837,Us and Them,"$209,221,380",2018,N/A
838,Red Dragon,"$209,196,298",2002,"$78,000,000"
839,Tomorrowland,"$209,035,668",2015,"$190,000,000"
840,Me Before You,"$208,314,186",2016,"$20,000,000"
841,Dungeons & Dragons: Honor Among Thieves,"$208,177,026",2023,N/A
842,Safe House,"$208,076,205",2012,"$85,000,000"
843,S.W.A.T.,"$207,725,639",2003,"$80,000,000"
844,DC League of Super-Pets,"$207,557,117",2022,N/A
845,The Fast and the Furious,"$207,517,509",2001,"$38,000,000"
846,Traffic,"$207,515,725",2000,N/A
847,Paranormal Activity 3,"$207,039,844",2011,"$5,000,000"
848,Philadelphia,"$206,678,440",1993,"$26,000,000"
849,The Conjuring: The Devil Made Me Do It,"$206,431,050",2021,N/A
850,Sleepy Hollow,"$206,071,502",1999,"$100,000,000"
851,The Holiday,"$205,850,169",2006,"$85,000,000"
852,The Jungle Book,"$205,843,612",1967,N/A
853,Raging Fire,"$205,842,393",2021,N/A
854,London Has Fallen,"$205,754,447",2016,"$60,000,000"
855,The Break-Up,"$205,668,210",2006,"$52,000,000"
856,Journey to the West,"$205,637,183",2013,N/A
857,The Ugly Truth,"$205,599,393",2009,"$38,000,000"
858,JFK,"$205,405,498",1991,N/A
859,Birds of Prey,"$205,372,791",2020,"$84,500,000"
860,White House Down,"$205,366,737",2013,"$150,000,000"
861,A Dog's Purpose,"$205,035,819",2017,"$22,000,000"
862,Ponyo,"$204,920,882",2008,N/A
863,Fun with Dick and Jane,"$204,681,899",2005,"$100,000,000"
864,Eat Pray Love,"$204,594,016",2010,"$60,000,000"
865,The Addams Family,"$204,394,183",2019,"$24,000,000"
866,Ghostbusters: Afterlife,"$204,334,455",2021,N/A
867,You Don't Mess with the Zohan,"$204,313,400",2008,"$90,000,000"
868,Hairspray,"$203,627,753",2007,N/A
869,King Arthur,"$203,567,857",2004,"$120,000,000"
870,Yogi Bear,"$203,509,374",2010,"$80,000,000"
871,Everest,"$203,427,584",2015,"$55,000,000"
872,Vanilla Sky,"$203,388,341",2001,"$68,000,000"
873,Arrival,"$203,388,186",2016,"$47,000,000"
874,Need for Speed,"$203,277,636",2014,"$66,000,000"
875,Garfield,"$203,172,417",2004,"$50,000,000"
876,Patch Adams,"$202,292,902",1998,"$90,000,000"
877,Teenage Mutant Ninja Turtles,"$202,084,756",1990,"$13,500,000"
878,Kindergarten Cop,"$201,957,688",1990,"$15,000,000"
879,Straight Outta Compton,"$201,634,991",2015,"$28,000,000"
880,21 Jump Street,"$201,585,328",2012,"$42,000,000"
881,Valkyrie,"$201,545,517",2008,"$75,000,000"
882,Open Season,"$200,811,689",2006,"$85,000,000"
883,Cats & Dogs,"$200,687,492",2001,"$60,000,000"
884,The Hunt for Red October,"$200,512,643",1990,"$30,000,000"
885,Percy Jackson: Sea of Monsters,"$199,850,315",2013,"$90,000,000"
886,The Lego Movie 2: The Second Part,"$199,603,202",2019,"$99,000,000"
887,Two Weeks Notice,"$199,043,471",2002,"$60,000,000"
888,RED,"$199,006,387",2010,"$58,000,000"
889,Shock Wave 2,"$198,921,659",2020,N/A
890,City of Angels,"$198,685,114",1998,N/A
891,The Pacifier,"$198,636,868",2005,"$56,000,000"
892,50 First Dates,"$198,520,934",2004,"$75,000,000"
893,Total Recall,"$198,467,168",2012,"$125,000,000"
894,The Island,"$198,326,350",2018,N/A
895,The Impossible,"$198,087,212",2012,N/A
896,Lost in Thailand,"$197,757,387",2012,N/A
897,Christopher Robin,"$197,744,377",2018,"$75,000,000"
898,Jack the Giant Slayer,"$197,687,603",2013,"$195,000,000"
899,Smurfs: The Lost Village,"$197,183,546",2017,"$60,000,000"
900,Chinese Doctors,"$197,143,218",2021,N/A
901,Spy Kids 3: Game Over,"$197,101,678",2003,"$38,000,000"
902,Panic Room,"$197,079,546",2002,"$48,000,000"
903,The Other Woman,"$196,710,396",2014,"$40,000,000"
904,Stargate,"$196,567,262",1994,N/A
905,Beowulf,"$196,393,745",2007,"$150,000,000"
906,The Vow,"$196,114,570",2012,"$30,000,000"
907,Anger Management,"$195,745,823",2003,"$75,000,000"
908,Tropic Thunder,"$195,702,963",2008,"$92,000,000"
909,The Shape of Water,"$195,333,312",2017,N/A
910,Rocketman,"$195,320,400",2019,"$40,000,000"
911,The Pelican Brief,"$195,268,056",1993,N/A
912,The BFG,"$195,243,411",2016,"$140,000,000"
913,Downton Abbey,"$194,694,725",2019,"$13,000,000"
914,The Intern,"$194,564,672",2015,"$35,000,000"
915,Wallace & Gromit: The Curse of the Were-Rabbit,"$194,137,403",2005,"$30,000,000"
916,Gnomeo & Juliet,"$193,967,670",2011,N/A
917,The Sum of All Fears,"$193,921,372",2002,"$68,000,000"
918,Gangs of New York,"$193,772,504",2002,"$100,000,000"
919,The Post,"$193,764,664",2017,"$50,000,000"
920,The Monkey King 2,"$193,678,298",2016,N/A
921,Paranormal Activity,"$193,355,800",2009,"$15,000"
922,Weathering with You,"$192,951,441",2019,N/A
923,The Lost City,"$192,907,684",2022,N/A
924,The Equalizer,"$192,330,738",2014,"$55,000,000"
925,Sheep Without a Shepherd,"$191,602,146",2019,N/A
926,The Addams Family,"$191,502,426",1991,"$30,000,000"
927,The Longest Yard,"$191,466,556",2005,"$82,000,000"
928,The Santa Clause,"$190,539,357",1994,"$22,000,000"
929,Cheaper by the Dozen,"$190,538,630",2003,"$40,000,000"
930,The Equalizer 2,"$190,400,157",2018,"$62,000,000"
931,Abominable,"$190,304,772",2019,"$75,000,000"
932,Hollow Man,"$190,213,455",2000,"$95,000,000"
933,Outbreak,"$189,859,560",1995,N/A
934,The White Storm 2: Drug Lords,"$189,396,380",2019,N/A
935,The X Files,"$189,176,423",1998,N/A
936,Breakup Buddies,"$189,017,596",2014,N/A
937,Rambo III,"$189,015,611",1988,"$63,000,000"
938,The Secret Life of Walter Mitty,"$188,133,322",2013,"$90,000,000"
939,Project Gutenberg,"$188,116,796",2018,N/A
940,Jaws 2,"$187,884,007",1978,N/A
941,12 Years a Slave,"$187,733,202",2013,"$20,000,000"
942,Heat,"$187,436,818",1995,N/A
943,Mr. Popper's Penguins,"$187,361,754",2011,"$55,000,000"
944,The Grudge,"$187,281,115",2004,"$10,000,000"
945,One Piece Film: Red,"$187,170,704",2022,N/A
946,I Now Pronounce You Chuck & Larry,"$187,134,117",2007,"$85,000,000"
947,The Horse Whisperer,"$186,883,563",1998,N/A
948,Walk the Line,"$186,797,986",2005,"$28,000,000"
949,Jian Bing Man,"$186,699,768",2015,N/A
950,The Jungle Book 2,"$186,303,759",2003,"$20,000,000"
951,The Final Destination,"$186,167,139",2009,"$40,000,000"
952,Atlantis: The Lost Empire,"$186,053,725",2001,"$120,000,000"
953,Inside Man,"$186,003,591",2006,"$45,000,000"
954,The Waterboy,"$185,991,646",1998,"$23,000,000"
955,Hugo,"$185,770,310",2011,N/A
956,Pitch Perfect 3,"$185,400,345",2017,"$45,000,000"
957,Watchmen,"$185,382,813",2009,"$130,000,000"
958,The Birdcage,"$185,260,553",1996,N/A
959,Moulin Rouge!,"$184,928,542",2001,"$50,000,000"
960,Snow White and the Seven Dwarfs,"$184,925,486",1937,"$1,499,000"
961,Ode to My Father,"$184,827,559",2014,N/A
962,Hop,"$184,367,145",2011,"$63,000,000"
963,Bad Moms,"$183,936,074",2016,"$20,000,000"
964,Jupiter Ascending,"$183,887,723",2015,"$176,000,000"
965,Knowing,"$183,658,498",2007,"$50,000,000"
966,102 Dalmatians,"$183,611,771",2000,"$85,000,000"
967,Storks,"$183,510,278",2016,"$70,000,000"
968,Stand by Me Doraemon,"$183,442,714",2014,N/A
969,The Hitman's Bodyguard,"$183,428,689",2017,"$30,000,000"
970,Paul Blart: Mall Cop,"$183,348,429",2009,"$26,000,000"
971,Wayne's World,"$183,097,323",1992,"$20,000,000"
972,Maverick,"$183,031,272",1994,N/A
973,Mirror Mirror,"$183,018,522",2012,"$85,000,000"
974,The Man in the Iron Mask,"$182,968,902",1998,N/A
975,Cape Fear,"$182,291,969",1991,N/A
976,The Haunted Mansion,"$182,290,266",2003,"$90,000,000"
977,The Monkey King: Havoc in Heaven's Palace,"$182,206,924",2014,N/A
978,While You Were Sleeping,"$182,057,016",1995,"$17,000,000"
979,The Bridges of Madison County,"$182,016,617",1995,"$24,000,000"
980,From Vegas to Macau III,"$181,732,879",2016,N/A
981,Poseidon,"$181,674,817",2006,"$160,000,000"
982,The First Wives Club,"$181,489,203",1996,N/A
983,Cliff Walkers,"$181,325,565",2021,N/A
984,Scooby-Doo 2: Monsters Unleashed,"$181,239,132",2004,N/A
985,Hot Shots!,"$181,096,164",1991,"$26,000,000"
986,Road to Perdition,"$181,001,478",2002,"$80,000,000"
987,Kill Bill: Vol. 1,"$180,906,076",2003,"$30,000,000"
988,The Scorpion King,"$180,630,907",2002,"$60,000,000"
989,Sweet Home Alabama,"$180,622,424",2002,"$30,000,000"
990,Daddy's Home 2,"$180,613,824",2017,"$69,000,000"
991,Hacksaw Ridge,"$180,563,636",2016,"$40,000,000"
992,Deja Vu,"$180,557,550",2006,"$75,000,000"
993,M3gan,"$179,842,338",2022,N/A
994,Dangerous Minds,"$179,519,401",1995,N/A
995,The Dictator,"$179,379,533",2012,"$65,000,000"
996,The League of Extraordinary Gentlemen,"$179,265,204",2003,"$78,000,000"
997,Allegiant,"$179,246,868",2016,N/A
998,Daredevil,"$179,179,718",2003,"$78,000,000"
999,City Slickers,"$179,033,791",1991,"$27,000,000"
